title,links,first_paragraph
‘Astronaut’ Families Stressed by Straddling 2 Worlds: China and Canada,https://www.nytimes.com/2020/03/21/world/canada/vancouver-chinese-immigrants.html?searchResultPosition=2,"Bonnie Ye, 42, left China four years ago to marry a Vancouver man she met on a Chinese matchmaking website. Soon, her husband was shuttling between China and two homes in Vancouver, leaving her alone for long stretches to care for their young daughter. Now, the two are divorced."
"Western Universities Rely on China. After the Virus, That May Not Last.",https://www.nytimes.com/2020/03/21/world/europe/coronavirus-chinese-students-uk.html?searchResultPosition=3,"On Jiani Zhou’s university campus in southwestern England, the racism arrived before the coronavirus did."
"As Iran Reels, Trump Aides Clash Over Escalating Military Showdown",https://www.nytimes.com/2020/03/21/world/middleeast/trump-iran-iraq-coronavirus-militas.html?searchResultPosition=4,"President Trump was getting ready to declare the coronavirus a “national emergency,” but inside the White House last Thursday, a tense debate erupted among the president and his top advisers on a far different subject: whether the United States should escalate military action against Iran, a longtime American rival that has been devastated by the epidemic."
The Pandemic That Ravaged Canada and Its Lessons for Today,https://www.nytimes.com/2020/03/20/world/canada/Spanish-Flu-1918-Coronavirus.html?searchResultPosition=6,"These days, walking around downtown Ottawa, and likely most other places in Canada, is an experience that’s both encouraging and melancholy."
"In Shift, Trudeau Says Canada Will Return Asylum Seekers to U.S.",https://www.nytimes.com/2020/03/20/world/canada/trudeau-asylum-seekers-coronavirus.html?searchResultPosition=7,Prime Minister Justin Trudeau reversed his government’s open immigration stance and said Canada would begin turning back asylum seekers who walk in from the United States outside of official border crossings.
"Johnson Orders British Pubs to Close, Ending a Maverick Stance in Virus Fight",https://www.nytimes.com/2020/03/20/world/europe/johnson-orders-british-pubs-to-close-ending-a-maverick-stance-in-virus-fight.html?searchResultPosition=8,"For days, Prime Minister Boris Johnson charted a defiantly maverick course in Britain’s response to the coronavirus pandemic, refusing to shut down large parts of his country, as many other European leaders have."
Europe Struggles to Combat Coronavirus as Spain Passes Grim Milestone,https://www.nytimes.com/2020/03/20/world/europe/coronavirus-spain.html?searchResultPosition=9,"Spain passed a grim milestone on Friday when it became the second European country to report over 1,000 coronavirus deaths, a mark that Italy passed a week ago, with the country’s doctors warning that the health system may soon be overwhelmed, just as in Italy."
Photos From a Century of Epidemics,https://www.nytimes.com/2020/03/20/world/europe/coronavirus-aids-spanish-flu-ebola-epidemics.html?searchResultPosition=10,"There are times when the planet resets its course with a cruelty that seems as capricious as it is implacable. The coronavirus pandemic, spreading octopus tentacles into every crevice of society, is one of them, pitting the vanity of human assumptions against nature’s almost casual ability to destroy them. It is not the first time."
Another Virus Victim: The U.S. as a Global Leader in a Time of Crisis,https://www.nytimes.com/2020/03/20/world/europe/trump-leadership-coronavirus-united-states.html?searchResultPosition=11,"In the name of “America First,” President Trump has pulled out of the Paris climate agreement and questioned the usefulness of the United Nations and NATO, displaying his distaste for the multinational institutions the United States had constructed and led since World War II."
"Thanks to Sanctions, Russia Is Cushioned From Virus’s Economic Shocks",https://www.nytimes.com/2020/03/20/world/europe/russia-coronavirus-covid-19.html?searchResultPosition=12,"Six years ago, the United States and the European Union slammed the door on Western bank loans for Russian companies, starving the country’s oil and banking industries of financing. The harsh measure, and others that followed, were intended to punish Russia for military interventions in Ukraine and Syria and for meddling in the 2016 American election to help Donald J. Trump."
‘None of Us Have a Fear of Corona’: The Faithful at an Outbreak’s Center,https://www.nytimes.com/2020/03/20/world/asia/coronavirus-malaysia-muslims-outbreak.html?searchResultPosition=13,"The faithful prayed by the thousands, hands and faces washed at communal taps to signify their purity. They crowded around platters on the floor, scooping up coconut rice with their right hands in the traditional way. And they slept in the mosque or in tents set up in the religious compound, rows of pilgrims from nearly 30 countries, gathered in Malaysia for spiritual renewal."
Can’t Get Tested? Maybe You’re in the Wrong Country,https://www.nytimes.com/2020/03/20/world/europe/coronavirus-testing-world-countries-cities-states.html?searchResultPosition=14,"Scientists around the world were waiting at their computers in early January when China released the coronavirus genetic code, the blueprint for creating tests and vaccines. Within days, labs from Hong Kong to Berlin had designed tests and shared their research with others."
The Relief of Clear Instructions in the Age of Coronavirus,https://www.nytimes.com/2020/03/19/world/australia/australia-coronavirus-confusion.html?searchResultPosition=16,"When I stepped off a Qantas flight from Los Angeles to Melbourne this past Tuesday, health officials in protective gear handed me a piece of paper instructing me to self-quarantine for 14 days. Strangely, those instructions came as a relief. At last, someone was giving me definitive guidelines on what to do in response to the coronavirus pandemic."
Queen Urges Britons to Pull Together as Nation Charts an Uncertain Course,https://www.nytimes.com/2020/03/19/world/europe/virus-queen-elizabeth.html?searchResultPosition=18,"Queen Elizabeth II on Thursday urged the British people to pull together even as they move apart, hoping to steady a country that has veered between alarm and complacency as the government has struggled to present a consistent message about its response to the coronavirus."
‘Wash Our Hands? Some People Can’t Wash Their Kids for a Week.’,https://www.nytimes.com/2020/03/19/world/middleeast/syria-coronavirus-idlib-tents.html?searchResultPosition=20,"In northwestern Syria, where a million people who have fled the civil war are sheltering in muddy tent camps and abandoned buildings, the spread of the coronavirus could wreak untold disaster on a devastated region."
‘It’s Very Scary’: U.K. Food Banks Close as Coronavirus Stalls Donations,https://www.nytimes.com/2020/03/19/world/europe/coronavirus-uk-food-banks.html?searchResultPosition=21,"As panicked shoppers in Britain empty supermarket shelves and hoard goods amid the coronavirus outbreak, food banks that depend on donations are struggling to stay afloat, and some have been forced to shut down."
World Feared China Over Coronavirus. Now the Tables Are Turned.,https://www.nytimes.com/2020/03/19/world/asia/coronavirus-china-united-states.html?searchResultPosition=22,The fear and suspicion directed at China in the devastating early days of the coronavirus outbreak have made a 180-degree turn: It is the West that now frightens Asia and the rest of the world.
China Hits a Coronavirus Milestone: No New Local Infections,https://www.nytimes.com/2020/03/18/world/asia/china-coronavirus-zero-infections.html?searchResultPosition=26,"China on Thursday reported no new local infections for the first time since the coronavirus crisis began three months ago, reaching a milestone in its battle with the deadly outbreak that has upended daily life and economic activity around the world."
‘We Are Frightened’: U.K. Doctors Brace for a Coronavirus Explosion,https://www.nytimes.com/2020/03/18/world/europe/uk-doctors-nhs-coronavirus.html?searchResultPosition=28,"As the coronavirus bears down on Britain’s overstretched National Health Service, doctors say they fear trying days of hard choices and rationed resources."
"Locked-Down Europe Faces Closed Borders, Economic Wounds and Dire Warnings",https://www.nytimes.com/2020/03/18/world/europe/hungary-borders-europe-coronavirus.html?searchResultPosition=29,"Drivers faced daylong waits to cross European borders that nations raced to close on Wednesday, years after proudly throwing them open. Britain closed schools to millions of children amid talk of shutting down London. And Germany’s stoic leader made an unusually personal appeal for unity and purpose in the face of crisis."
"Its Coronavirus Cases Dwindling, China Turns Focus Outward",https://www.nytimes.com/2020/03/18/world/asia/coronavirus-china-aid.html?searchResultPosition=30,"China’s leader, Xi Jinping, pledged to send more medical experts to Italy this week, on the same day Beijing sent 2,000 rapid diagnostic tests to the Philippines. Serbia’s president pleaded for assistance not from the country’s neighbors in Europe, which restricted the export of needed medical equipment, but from China."
"Is Coronavirus Widening Generational Divides, or Bridging Them?",https://www.nytimes.com/2020/03/18/world/europe/shutdowns-coronavirus-age.html?searchResultPosition=41,"When Austria’s Parliament announced severe restrictions on movement on Sunday, two young Austrian roommates rushed to two supermarkets and a pharmacy before the rules came into force."
Netanyahu’s Bold Moves: Fighting a Virus or Risking Democracy?,https://www.nytimes.com/2020/03/18/world/middleeast/israel-virus-netanyahu.html?searchResultPosition=42,"Prime Minister Benjamin Netanyahu was supposed to be facing trial this week on bribery, fraud and breach of trust charges."
Power Struggle Hampers Iran’s Coronavirus Response,https://www.nytimes.com/2020/03/17/world/middleeast/coronavirus-iran-rouhani.html?searchResultPosition=45,"More senior government figures have caught the coronavirus in Iran than anywhere else. Field hospitals have been erected in parking lots, stadiums and wedding halls to handle the overflow of patients."
Europe Barricades Borders to Slow Coronavirus,https://www.nytimes.com/2020/03/17/world/europe/EU-closes-borders-virus.html?searchResultPosition=46,"The spiraling coronavirus epidemic tore into the fabric of Europe on Tuesday, prompting its leaders to all but wall the continent off from the rest of the world and erect barriers within it, and to throttle back or turn off the engines of ordinary life and livelihoods in hopes of slowing the deadly spread."
"Anti-Russian Protests Erupt in Ukraine, Despite Virus Threat",https://www.nytimes.com/2020/03/17/world/europe/anti-russian-protests-erupt-in-ukraine-despite-virus-threat.html?searchResultPosition=47,"Ukraine, like many countries, has closed schools and banned mass gatherings to combat the coronavirus. But unlike others, it has struggled to tamp down street protests, which persist over the war in the country’s separatist east."
Asylum Seekers Say U.S. is Returning Them to the Dangers They Fled,https://www.nytimes.com/2020/03/17/world/americas/immigration-guatemala-us-asylum.html?searchResultPosition=48,"Yovani has a strategy for staying alive: He will not let anyone know he is back in Honduras, he will move homes every couple of weeks and he will stay indoors."
"Paris, a Magnet for the World, Becomes a Ghost City After a Lockdown Takes Effect",https://www.nytimes.com/2020/03/17/world/europe/paris-coronavirus-lockdown.html?searchResultPosition=49,"An exodus from Paris at the Gare Montparnasse train station. A postal worker warning of the plague, the apocalypse and repentance, with the Eiffel Tower behind him. Fear in people’s eyes, and tense moments, in a long line outside a supermarket."
Tracking the Coronavirus: How Crowded Asian Cities Tackled an Epidemic,https://www.nytimes.com/2020/03/17/world/asia/coronavirus-singapore-hong-kong-taiwan.html?searchResultPosition=50,Two hours. That’s all the time medical teams in Singapore are given to uncover the first details of how patients contracted the coronavirus and which people they might infect.
"Having Brushed Off Coronavirus Threat, Southeast Asia Begins to Confront It",https://www.nytimes.com/2020/03/17/world/asia/coronavirus-southeast-asia.html?searchResultPosition=62,"For months, many Southeast Asian countries played down the threat posed by the new coronavirus. Some officials said that prayer would keep the disease away. Others expressed optimism that the tropical heat would slow the spread of the virus."
Tom Hanks and Rita Wilson Are Released From the Hospital,https://www.nytimes.com/2020/03/17/world/australia/tom-hanks-coronavirus-rita-wilson.html?searchResultPosition=64,"The actors Tom Hanks and Rita Wilson have been released from an Australian hospital and will remain in self-isolation after being treated for Covid-19, the disease caused by the coronavirus, their son said in a video statement on Monday."
"India Scrambles to Escape a Coronavirus Crisis. So Far, It’s Working.",https://www.nytimes.com/2020/03/17/world/asia/india-coronavirus.html?searchResultPosition=65,"Over the weekend in Lucknow, one of India’s bigger cities, young people packed into pubs. Despite the Indian government scrambling to lock things down, few on the bar scene were taking the coronavirus very seriously."
"Britain Stiffens Its Response to the Coronavirus, Somewhat",https://www.nytimes.com/2020/03/16/world/europe/britain-coronavirus-boris-johnson.html?searchResultPosition=67,"Britain, which had stood apart from other nations in the relaxed nature of its response to the coronavirus, hardened those measures significantly on Monday, urging people to stop going to pubs or restaurants, and putting in place strict quarantine policies for those infected by the virus."
"Macron Declares France ‘at War’ With Virus, as E.U. Proposes 30-Day Travel Ban",https://www.nytimes.com/2020/03/16/world/europe/coronavirus-france-macron-travel-ban.html?searchResultPosition=68,"Adopting martial language, President Emmanuel Macron ordered the French to stay at home for at least the next 15 days, as France put in place some of the most severe measures in Europe to try to curb the raging coronavirus."
"Italy’s Coronavirus Victims Face Death Alone, With Funerals Postponed",https://www.nytimes.com/2020/03/16/world/europe/italy-coronavirus-funerals.html?searchResultPosition=69,"At around midnight on Wednesday, Renzo Carlo Testa, 85, died from the coronavirus in a hospital in the northern Italian town of Bergamo. Five days later, his body was still sitting in a coffin, one of scores lined head-to-toe in the church of the local cemetery, which is itself closed to the public."
"To Track Coronavirus, Israel Moves to Tap Secret Trove of Cellphone Data",https://www.nytimes.com/2020/03/16/world/middleeast/israel-coronavirus-cellphone-tracking.html?searchResultPosition=70,Prime Minister Benjamin Netanyahu of Israel has authorized the country’s internal security agency to tap into a vast and previously undisclosed trove of cellphone data to retrace the movements of people who have contracted the coronavirus and identify others who should be quarantined because their paths crossed.
"In Afghanistan, Coronavirus Complicates War and Peace",https://www.nytimes.com/2020/03/16/world/asia/afghanistan-coronavirus.html?searchResultPosition=81,"When the coronavirus began spreading, many Afghans were in denial even after it became an obvious and deadly crisis in neighboring Iran."
"U.S. Offered ‘Large Sum’ to German Company for Access to Coronavirus Vaccine Research, German Officials Say",https://www.nytimes.com/2020/03/15/world/europe/cornonavirus-vaccine-us-germany.html?searchResultPosition=84,"The Trump administration attempted to persuade a German firm developing a possible vaccine for coronavirus to move its research work to the United States, German officials said, raising fears in Berlin that President Trump was trying to assure that any inoculation would be available first, and perhaps exclusively, in the United States."
"Spain, on Lockdown, Weighs Liberties Against Containing Coronavirus",https://www.nytimes.com/2020/03/15/world/europe/spain-coronavirus.html?searchResultPosition=85,"The scene is becoming all too familiar, and now it has gripped Spain: Streets are empty, shops are shuttered, families are cloistered at home and the numbers of those infected with the coronavirus, and those who have died, are growing."
"A Lockdown, Paris-Style: ‘We Can’t Live Without Bread’",https://www.nytimes.com/2020/03/15/world/europe/coronavirus-france-lockdown.html?searchResultPosition=86,"Parisians took the French government’s partial lockdown measures in stride on Sunday, half shrugging off the coronavirus threat and only limiting their normal weekend’s activities: shopping at open-air markets, strolling in parks and lining up outside bakeries and butchers."
"Europeans Erect Borders Against Coronavirus, but the Enemy Is Already Within",https://www.nytimes.com/2020/03/15/world/europe/coronavirus-borders-fear.html?searchResultPosition=88,"The “gilded museum” of Europe is hollow and echoing. The great squares and stadiums are empty, the museums shut, the churches hesitant about services, the fine restaurants and cool bars shuttered."
"As Coronavirus Deepens Inequality, Inequality Worsens Its Spread",https://www.nytimes.com/2020/03/15/world/europe/coronavirus-inequality.html?searchResultPosition=89,"As the coronavirus spreads across the globe, it appears to be setting off a devastating feedback loop with another of the gravest forces of our time: economic inequality."
"Benny Gantz, With Thin Majority, Wins Chance to Form Israeli Government",https://www.nytimes.com/2020/03/15/world/middleeast/netanyahu-trial-coronavirus.html?searchResultPosition=90,"Benny Gantz, the centrist former army chief battling to depose Prime Minister Benjamin Netanyahu of Israel, on Sunday won the endorsements of a narrow majority of lawmakers, earning him a fresh chance to form a government and break Israel’s yearlong political deadlock."
Shutdowns Spread Across Europe as Spain and France Order Broad Restrictions,https://www.nytimes.com/2020/03/14/world/europe/france-coronavirus.html?searchResultPosition=102,"The shutdown of Europe expanded drastically on Saturday as more countries shuttered businesses, locked up borders and chased people off streets and into their homes in a race to contain the growing threat of the coronavirus."
Chinese Tycoon Who Criticized Xi’s Response to Coronavirus Has Vanished,https://www.nytimes.com/2020/03/14/world/asia/china-ren-zhiqiang.html?searchResultPosition=103,"His nickname in China was “The Cannon,” and Ren Zhiqiang’s latest commentary was among his most explosive yet."
Spain Imposes Nationwide Lockdown to Fight Coronavirus,https://www.nytimes.com/2020/03/14/world/europe/spain-coronavirus.html?searchResultPosition=105,"Faced with a sharp rise in coronavirus cases, Spain on Saturday became the second country in Europe to impose sweeping restrictions on the public, telling everyone to stay indoors, with limited exceptions."
"As Europe Shuts Down, Britain Takes a Different, and Contentious, Approach",https://www.nytimes.com/2020/03/13/world/europe/coronavirus-britain-boris-johnson.html?searchResultPosition=108,"Prime Minister Boris Johnson of Britain once said his political hero was the mayor in the film “Jaws,” praising him for defying mass hysteria to keep the beaches open after a constituent is eaten by a shark."
How Far Can Canada Go to Slow Spread of the New Coronavirus?,https://www.nytimes.com/2020/03/13/world/canada/coronavirus-government-response-quarantine.html?searchResultPosition=109,"It’s well beyond the space limitations of this newsletter to summarize the new coronavirus developments of the last week internationally, let alone in Canada. Here at The Times, we’ve been drawing on our journalists around the world to produce a steady flow of reporting on the health crisis."
"At the Iranian Border, Iraqis Try to Keep a Virus From Entering",https://www.nytimes.com/2020/03/13/world/middleeast/iran-iraq-virus-border.html?searchResultPosition=110,"The voices rose angrily and a knot of people gathered on the Iraqi side of the border crossing with Iran. Two Iranian diplomats were trying to get relatives out of Iran, where the coronavirus is rampant, and into Iraq."
Spain Becomes Latest Epicenter of Coronavirus After a Faltering Response,https://www.nytimes.com/2020/03/13/world/europe/spain-coronavirus-emergency.html?searchResultPosition=121,"Just last weekend, about 120,000 people marched through downtown Madrid to celebrate International Women’s Day. Some 60,000 soccer fans filled one of the city’s largest stadiums. And 9,000 supporters of Vox, Spain’s third-largest party, gathered inside a former bullring."
Israel’s Coronavirus Crisis Lets Netanyahu Seize the Initiative,https://www.nytimes.com/2020/03/13/world/middleeast/israel-coronavirus-netanyahu.html?searchResultPosition=122,"The scourge of coronavirus converged this week with Israel’s yearlong electoral impasse, creating a crisis that could politically benefit the country’s embattled but indefatigable prime minister, Benjamin Netanyahu."
Fears Rise for World Leaders as Officials Test Positive for Virus,https://www.nytimes.com/2020/03/13/world/canada/coronavirus-world-leaders-trump-bolsonaro-trudeau.html?searchResultPosition=124,"Even as governments around the world struggle to contain the coronavirus pandemic, many officials are themselves falling victim to the pathogen, undermining global efforts to address the crisis."
China Spins Tale That the U.S. Army Started the Coronavirus Epidemic,https://www.nytimes.com/2020/03/13/world/asia/coronavirus-china-conspiracy-theory.html?searchResultPosition=125,China is pushing a new theory about the origins of the coronavirus: It is an American disease that might have been introduced by members of the United States Army who visited Wuhan in October.
"Sophie Grégoire Trudeau, Wife of Canada’s Leader, Tests Positive for Coronavirus",https://www.nytimes.com/2020/03/12/world/canada/trudeau-wife-coronavirus.html?searchResultPosition=128,"Prime Minister Justin Trudeau will remain in isolation for the next two weeks after Sophie Grégoire Trudeau, his wife, tested positive for the new coronavirus, his office said in a statement on Thursday."
Johnson Holds Back on Restrictive Measures in U.K.’s Fight to Curb Virus,https://www.nytimes.com/2020/03/12/world/europe/coronavirus-britain-johnson.html?searchResultPosition=129,"Prime Minister Boris Johnson, resisting mounting pressure to fall in line with the radical responses of other European countries to try to curb the coronavirus, stuck to a notably restrained set of measures on Thursday, even as the Trump administration exempted Britain from a trans-Atlantic travel ban."
Italy’s Health Care System Groans Under Coronavirus — a Warning to the World,https://www.nytimes.com/2020/03/12/world/europe/12italy-coronavirus-health-care.html?searchResultPosition=130,"The mayor of one town complained that doctors were forced to decide not to treat the very old, leaving them to die. In another town, patients with coronavirus-caused pneumonia were being sent home. Elsewhere, a nurse collapsed with her mask on, her photograph becoming a symbol of overwhelmed medical staff."
"Chaos in Europe, and Anger, Over U.S. Travel Ban to Curb Coronavirus",https://www.nytimes.com/2020/03/12/world/europe/europe-coronavirus-travel-ban.html?searchResultPosition=141,"From airports and government offices to company boardrooms and stock exchange floors, turmoil and anger spread across Europe on Thursday after President Trump abruptly blocked most visitors from the Continent to the United States to curb the spread of the coronavirus."
What You Need to Know About Trump’s European Travel Ban,https://www.nytimes.com/2020/03/12/world/europe/trump-travel-ban-coronavirus.html?searchResultPosition=142,President Trump’s announcement of sweeping restrictions on travel from much of Europe to the United States dropped like a hammer on Wednesday.
The World Has a Plan to Fight Coronavirus. Most Countries Are Not Using it.,https://www.nytimes.com/2020/03/12/world/coronavirus-world-health-organization.html?searchResultPosition=143,"For weeks, the World Health Organization resisted declaring the coronavirus outbreak a pandemic, fearing that doing so would incite panic across the globe."
"Coronavirus Tests Europe’s Cohesion, Alliances and Even Democracy",https://www.nytimes.com/2020/03/12/world/europe/coronavirus-eu-trump.html?searchResultPosition=144,"The rapid spread of the new coronavirus presents a severe test for democracies, for the European Union as an institution and for the trans-Atlantic alliance."
A Fumbled Global Response to the Virus in a Leadership Void,https://www.nytimes.com/2020/03/11/world/europe/coronavirus-leadership-trump.html?searchResultPosition=147,"In Frankfurt, the president of the European Central Bank warned that the coronavirus could trigger an economic crash as dire as that of 2008. In Berlin, the German chancellor warned the virus could infect two-thirds of her country’s population. In London, the British prime minister rolled out a nearly $40 billion rescue package to cushion his economy from the shock."
Merkel Gives Germans a Hard Truth About the Coronavirus,https://www.nytimes.com/2020/03/11/world/europe/coronavirus-merkel-germany.html?searchResultPosition=148,"Chancellor Angela Merkel is on her way out and her power is waning, but in her typically low-key, no-nonsense manner, the German leader on Wednesday laid out some cold, hard facts on the coronavirus in a way that few other leaders have."
"U.K. Shields Its Economy From the Virus, but Not Yet Its People",https://www.nytimes.com/2020/03/11/world/europe/economy-britain-coronavirus.html?searchResultPosition=149,"Britain moved decisively on Wednesday to cushion its economy from the ravages of the coronavirus, as it prepared to toughen a more cautious medical response that had come under fire, particularly after a health minister who had mingled at a reception with Prime Minister Boris Johnson fell ill from the contagion."
"For Italians, Dodging Coronavirus Has Become a Game of Chance",https://www.nytimes.com/2020/03/11/world/europe/italy-coronavirus.html?searchResultPosition=150,"As his glasses fogged up from the mask he wore over his mouth and nose, Riccardo Rosso, a historian of mathematics, scribbled on a blackboard the possible outcomes of a dice game, substituting the chances of getting the coronavirus."
"Xi Goes to Wuhan, Coronavirus Epicenter, in Show of Confidence",https://www.nytimes.com/2020/03/10/world/asia/coronavirus-china-xi-jinping.html?searchResultPosition=163,"China’s top leader, Xi Jinping, toured Wuhan, the city at the center of a now global epidemic, for the first time since the coronavirus outbreak began, hoping to demonstrate that his government was containing a crisis that has tarnished his image at home and abroad."
‘Proselytizing Robots’: Inside South Korean Church at Outbreak’s Center,https://www.nytimes.com/2020/03/10/world/asia/south-korea-coronavirus-shincheonji.html?searchResultPosition=164,"More than 1.2 million citizens have called for the secretive church to be disbanded. One province asked the public to report church members to a hotline for coronavirus testing. Smartphone apps help identify the church’s 1,100 once-obscure facilities in South Korea, most already plastered with “off-limits” signs by disease-control officials."
"In Egypt, Tourists Torn Between Ancient Temples and Coronavirus Tests",https://www.nytimes.com/2020/03/09/world/middleeast/egypt-coronavirus-tourism.html?searchResultPosition=166,"When tourists in Luxor woke up on Monday to find themselves confined to their hotels or cruise ships on the Nile, it seemed that Egypt was taking extreme measures to confront the coronavirus in the ancient town at the heart of its tourism industry."
Italy Announces Restrictions Over Entire Country in Attempt to Halt Coronavirus,https://www.nytimes.com/2020/03/09/world/europe/italy-lockdown-coronavirus.html?searchResultPosition=168,"Italy on Monday became the first European country to announce severe nationwide limits on travel as the government struggled to stem the spread of a coronavirus outbreak that has hobbled the economy, threatened to overwhelm public health care and killed more people than anywhere outside China."
"On Day 1 of Lockdown, Italian Officials Urge Citizens to Abide by Rules",https://www.nytimes.com/2020/03/08/world/europe/italy-coronavirus-quarantine.html?searchResultPosition=170,Prime Minister Giuseppe Conte ended his 2:15 a.m. news conference to announce the extraordinary lockdown of Italy’s north with a plea that other heads of state may not have felt compelled to make.
"Europe, With Eye on Italy Coronavirus Quarantine, Plans Next Moves",https://www.nytimes.com/2020/03/08/world/europe/coronavirus-europe.html?searchResultPosition=181,"Italy’s sweeping lockdown of its north reverberated through Europe on Sunday, fueling fears of similarly draconian measures from London to Berlin, as officials grappled with how to slow the rapid-fire spread of the coronavirus in several of the world’s most open and democratic societies."
Failures on the Diamond Princess Shadow Another Cruise Ship Outbreak,https://www.nytimes.com/2020/03/08/world/asia/coronavirus-cruise-ship.html?searchResultPosition=182,"The email to Princess Cruises was peppered with typos and awkward grammar, but the warning was unmistakable. An 80-year-old passenger had tested positive for the new coronavirus after getting off the Diamond Princess cruise ship in Hong Kong."
Italy Locks Down Much of the Country’s North Over the Coronavirus,https://www.nytimes.com/2020/03/07/world/europe/coronavirus-italy.html?searchResultPosition=184,"Italy’s government early Sunday took the extraordinary step of locking down much of the country’s north, restricting movement for about a quarter of the Italian population in regions that serve as the country’s economic engine."
"China May Be Beating the Coronavirus, at a Painful Cost",https://www.nytimes.com/2020/03/07/world/asia/china-coronavirus-cost.html?searchResultPosition=185,"As the new coronavirus races around the world, tanking markets, cutting off global travel and suspending school for hundreds of millions of children, governments are desperate for ways to contain it."
"No Handshakes, No New Citizens: Coronavirus Halts Danish Naturalizations",https://www.nytimes.com/2020/03/07/world/europe/denmark-coronavirus-citizenship.html?searchResultPosition=186,The mayor of a city in Eastern Denmark was preparing to hold a citizenship ceremony when he received a call from the country’s immigration and integration ministry.
"On Nile Cruiser, 12 Crew Test Positive for Virus, and Egypt Fears Broader Outbreak",https://www.nytimes.com/2020/03/06/world/middleeast/egypt-nile-coronavirus.html?searchResultPosition=188,"Twelve crew members aboard a cruise ship on the Nile were placed in isolation on Friday after testing positive for the coronavirus, Egypt’s health ministry said."
"As Death Toll Mounts, Governments Point Fingers Over Coronavirus",https://www.nytimes.com/2020/03/06/world/coronavirus-world.html?searchResultPosition=189,"An Iranian official claimed without evidence that the epidemic could be an American bioweapon, after some U.S. officials said the same about China. Saudi Arabia said its cases were Iran’s fault. South Korea lashed out at Japan over travel restrictions and responded in kind."
China Pushes Back as Coronavirus Crisis Damages Its Image,https://www.nytimes.com/2020/03/06/world/asia/china-coronavirus-image.html?searchResultPosition=190,"When the coronavirus epidemic began its relentless march around the world, China’s diplomats reacted harshly toward countries that shut their borders, canceled flights or otherwise restricted travel."
Doctors Say U.K. Is Ill Prepared for Coronavirus,https://www.nytimes.com/2020/03/05/world/europe/coronavirus-united-kingdom-national-health-service.html?searchResultPosition=203,"Ventilators in short supply. Intensive care beds already overflowing. Some health workers buying their own face masks or hoods. And if cases of the deadly coronavirus surge in anything like the numbers some experts have predicted, doctors say they would have to consider denying lifesaving care to the frailest patients to prioritize those with better chances of surviving."
"Shinzo Abe, Japan’s Political Houdini, Can’t Escape Coronavirus Backlash",https://www.nytimes.com/2020/03/05/world/asia/japan-abe-coronavirus.html?searchResultPosition=204,"For nearly a month, as the coronavirus has threatened the health and economy of Japan, Prime Minister Shinzo Abe has been almost invisible."
Italy’s Elderly Suffer Heavy Toll as Coronavirus Spreads,https://www.nytimes.com/2020/03/04/world/europe/coronavirus-italy-elderly.html?searchResultPosition=206,"A table of old men were shooting the breeze next to the bocce ball courts in a Milan recreation center on Wednesday, talking, like seemingly everyone else in northern Italy, about the coronavirus outbreak that had shut down towns, closed all of Italy’s schools and claimed the lives of more than 100 people, almost all of them elderly."
‘When Can We Go to School?’ Nearly 300 Million Children Are Missing Class,https://www.nytimes.com/2020/03/04/world/coronavirus-schools-closed.html?searchResultPosition=207,"The coronavirus epidemic has reached deeper into daily life across the world, with a sweeping shutdown of all schools in Italy, a suspension of classes in India’s capital and warnings of school closures in the United States, intensifying the educational upheaval of nearly 300 million students globally."
Why the Coronavirus Isn’t What This Canadian in Hong Kong Fears Most,https://www.nytimes.com/2020/03/04/world/asia/coronavirus-hong-kong-expatriates.html?searchResultPosition=208,"The streets of this city, usually teeming with people, are practically empty, and no one knows when Hong Kong might recover from the coronavirus outbreak that has crippled the economy and devastated tourism. But Lindsay Jang, a Canadian restaurateur, said she is prepared to ride it out."
‘A Slap in the Face’: Chinese Readers Share Their Coronavirus Stories,https://www.nytimes.com/2020/03/04/world/asia/coronavirus-chinese-readers-react.html?searchResultPosition=209,"The coronavirus outbreak has radiated to at least 77 countries, killing more than 3,200 people and infecting more than 93,000. It has paralyzed cities and towns, disrupted business, travel and schools. But no place has seen more devastation than China, where the overwhelming majority of deaths and infections have occurred."
Cruise Ship Held Off California Becomes New Focus of Concern,https://www.nytimes.com/2020/03/04/world/coronavirus-news.html?searchResultPosition=210,"Gov. Gavin Newsom announced on Wednesday that a cruise ship returning to California from Hawaii that had suspected links to two coronavirus cases, one of them fatal, was being held off the coast of San Francisco, as public health officials prepared to screen everyone on the ship."
"Iran’s Coronavirus Response: Pride, Paranoia, Secrecy, Chaos",https://www.nytimes.com/2020/03/03/world/middleeast/coronavirus-iran.html?searchResultPosition=221,Nearly three dozen Iranian government officials and members of parliament are infected and a senior adviser to the supreme leader has died.
"As Coronavirus Hits U.K., Health Workers Fear Getting Sick, and Going Broke",https://www.nytimes.com/2020/03/03/world/europe/coronavirus-health-workers-uk.html?searchResultPosition=222,"Every workday, Al-Hakim arrives at one of London’s largest public hospitals for a shift as a cleaner, earning little more than minimum wage even though his latest job includes disinfecting rooms reserved for suspected coronavirus patients."
"‘No Way Out’: In China, Coronavirus Takes Toll on Other Patients",https://www.nytimes.com/2020/03/03/world/asia/china-coronavirus-cancer.html?searchResultPosition=223,"The 3-year-old boy was anxiously waiting for yet another round of chemotherapy. Then the new coronavirus outbreak hit, and doctors suddenly turned him away."
"U.S. Will Drop Limits on Virus Testing, Pence Says",https://www.nytimes.com/2020/03/03/world/coronavirus-live-news-updates.html?searchResultPosition=224,"Vice President Mike Pence said the Centers for Disease Control and Prevention was lifting all restrictions on testing for coronavirus, and would be releasing new guidelines to fast-track testing for people who fear they have the virus, even if they are displaying mild symptoms."
He Blames ‘Evil’ for South Korea’s Coronavirus Surge. Officials Blame Him.,https://www.nytimes.com/2020/03/02/world/asia/coronavirus-south-korea-shincheonji.html?searchResultPosition=225,"To his followers, he is a descendant of the ancient kings who ruled Korea centuries ago, “the angel” Jesus sent for mankind, and the one and only “counselor” who can interpret the symbols and secret codes hidden in the Bible’s Book of Revelation."
Outbreak Strikes Seattle Area as Testing Is Scrutinized,https://www.nytimes.com/2020/03/02/world/coronavirus-updates-news-covid-19.html?searchResultPosition=227,"In South Korea, Iran, Italy, France, Germany and now the United States, health officials are trying to stem the growing coronavirus epidemic, tracing those who had come into contact with infected patients, even as they struggled to get a handle on how far the virus had spread."
Fear of Coronavirus Leaves the Faithful Without Mass in Italy’s North,https://www.nytimes.com/2020/03/01/world/europe/virus-italy-churches.html?searchResultPosition=229,"The camera focused on a woman reading a prayer for people infected with the coronavirus, and for the doctors and nurses helping Italy deal with the largest outbreak in Europe."
"Making a Plague Movie, With Coronavirus on the Doorstep",https://www.nytimes.com/2020/03/01/world/europe/coronavirus-movie-italy-decameron.html?searchResultPosition=230,"Last Saturday, Nicholas Hulbert, a British film director, flew from London to Venice for his latest project."
Trump Calls for Calm on Virus and Expands Travel Restrictions,https://www.nytimes.com/2020/02/29/world/coronavirus-news.html?searchResultPosition=243,"President Trump sought on Saturday to more aggressively address the coronavirus after weeks of confusion over his administration’s response, urging public calm and issuing new foreign travel warnings and restrictions."
Italy’s Quarantine Leaves Locked-Down Towns Feeling ‘Sacrificed’,https://www.nytimes.com/2020/02/28/world/europe/italy-coronavirus-quarantine.html?searchResultPosition=244,The phone call came from inside one of the northern Italian towns quarantined to contain the rapid spread of the coronavirus.
Confusion and Contradiction Reign in Iran’s Coronavirus Reporting,https://www.nytimes.com/2020/02/28/world/middleeast/coronavirus-iran-confusion.html?searchResultPosition=245,"The authorities in Iran, the epicenter of the coronavirus outbreak in the Middle East, reported a 58 percent jump in confirmed infections to 388 on Friday and a 30 percent increase in deaths to 34, and the health minister warned of a “pretty difficult week” ahead."
Nigeria Responds to First Coronavirus Case in Sub-Saharan Africa,https://www.nytimes.com/2020/02/28/world/africa/nigeria-coronavirus.html?searchResultPosition=247,"An Italian contractor who flew into Nigeria from Milan became sub-Saharan Africa’s first confirmed coronavirus patient on Friday, stoking concern that an outbreak on the continent could overwhelm already strained health care systems."
"China Spins Coronavirus Crisis, Hailing Itself as a Global Leader",https://www.nytimes.com/2020/02/28/world/asia/china-coronavirus-response-propaganda.html?searchResultPosition=248,"The Chinese government silenced whistle-blowers, withheld crucial information and played down the threat posed by the new coronavirus, allowing an epidemic that has killed thousands to take hold across the country."
"Jimmy Lai, Hong Kong Media Baron, Is Arrested Over Role in Protests",https://www.nytimes.com/2020/02/28/world/asia/jimmy-lai-hong-kong-arrested.html?searchResultPosition=261,"A Hong Kong media tycoon known for his ardent opposition to China was arrested on Friday over his role in a pro-democracy protest last year, the police said, dealing another blow to the city’s independent media."
Germany Tries to Solve a Coronavirus Puzzle With ‘Endless Pieces’,https://www.nytimes.com/2020/02/27/world/europe/germany-coronavirus.html?searchResultPosition=263,"By the time German health officials in the state of North Rhine-Westphalia had confirmed the state’s first case of the coronavirus, the patient was already so ill that he had been placed on a respirator. He was in no position to help authorities, who urgently needed to retrace his steps to try to stop, or at least slow, the virus from spreading."
"It’s Not the Plague, but Milan Isn’t Itself Either",https://www.nytimes.com/2020/02/27/world/europe/milan-coronavirus.html?searchResultPosition=264,"“The plague had already entered Milan,” Alessandro Manzoni writes in “The Betrothed,” the 19th century Italian literary classic renowned for its vivid descriptions of the 1630 pestilence that gutted Milan."
Iran Vice President Is One of 7 Officials to Contract Coronavirus,https://www.nytimes.com/2020/02/27/world/middleeast/coronavirus-iran-vice-president.html?searchResultPosition=265,"A senior figure in Iran’s government, who sits just a few seats away from President Hassan Rouhani at cabinet meetings, has fallen ill with coronavirus, making her Iran’s seventh official to test positive, including one prominent cleric who has died."
"Italy, Mired in Politics Over Virus, Asks How Much Testing Is Too Much",https://www.nytimes.com/2020/02/27/world/europe/italy-coronavirus.html?searchResultPosition=266,"On the sixth floor of a skyscraper, two dozen epidemiologists and public health experts form the nerve center of the effort to contain a coronavirus outbreak in Italy that has alarmed Europe and put the wealthy Lombardy region at the center of global concern."
Japan Shocks Parents by Moving to Close All Schools Over Coronavirus,https://www.nytimes.com/2020/02/27/world/asia/japan-schools-coronavirus.html?searchResultPosition=267,"After weeks of criticism that Japan was bungling its reaction to the spread of the coronavirus, Prime Minister Shinzo Abe took the drastic step on Thursday of asking all the country’s schools to close for about a month."
South Korean Leader Said Coronavirus Would ‘Disappear.’ It Was a Costly Error.,https://www.nytimes.com/2020/02/27/world/asia/coronavirus-south-korea.html?searchResultPosition=268,"There were 28 cases of the coronavirus in South Korea on Feb. 13. Four days had passed without a new confirmed infection. President Moon Jae-in predicted that the outbreak would “disappear before long,” while the prime minister assured people that it was OK not to wear surgical masks outdoors."
Most Coronavirus Cases Are Mild. That’s Good and Bad News.,https://www.nytimes.com/2020/02/27/world/asia/coronavirus-treament-recovery.html?searchResultPosition=269,"As a dangerous new coronavirus has ravaged China and spread throughout the rest of the world, the outbreak’s toll has sown fear and anxiety. Nearly 3,000 deaths. More than 82,000 cases. Six continents infected."
Hundreds Confined to Tenerife Hotel for 14 Days Over Coronavirus Fears,https://www.nytimes.com/2020/02/26/world/europe/spain-coronavirus.html?searchResultPosition=282,"Hundreds of guests at a resort on Tenerife, the largest of the Canary Islands, were told Wednesday that they would be confined to their hotel for 14 days as the authorities tried to prevent the coronavirus from spreading after infections were discovered there this week."
"In U.S. and Germany, Community Transmission Is Now Suspected",https://www.nytimes.com/2020/02/26/world/asia/coronavirus-news.html?searchResultPosition=284,"President Trump named Vice President Mike Pence his point person to coordinate the government’s response to the coronavirus, expressing confidence that the United States would prevent a widespread domestic outbreak."
Spread of Virus Could Hasten the Great Coming Apart of Globalization,https://www.nytimes.com/2020/02/25/world/europe/coronavirus-globalization-backlash.html?searchResultPosition=285,"Globalization, that awkward catchall for our interconnectedness, was already under assault from populists, terrorists, trade warriors and climate activists, having become an easy target for much that ails us."
Spanish Hotel Is Locked Down After Guests Test Positive for Coronavirus,https://www.nytimes.com/2020/02/25/world/europe/spain-coronavirus-hotel-canary.html?searchResultPosition=286,"The Spanish authorities scrambled on Tuesday to trace everyone who had contact with an Italian doctor and his partner who tested positive for the coronavirus while on vacation in the Canary Islands, locking down a major resort with hundreds of guests in the hopes of limiting any possible outbreak."
"Coronavirus Spreads to Soccer’s Schedule, Closing Stadiums and Stranding Teams",https://www.nytimes.com/2020/02/25/world/europe/coronavirus-soccer.html?searchResultPosition=287,"In China, officials struggling to contain the spread of the coronavirus have delayed the start of the soccer season for months, and at least one top-division team has been marooned in the Middle East for weeks, unable to return from a preseason training camp."
"In Coronavirus Crisis, Korean City Tries Openness, a Contrast to China",https://www.nytimes.com/2020/02/25/world/asia/daegu-south-korea-coronavirus.html?searchResultPosition=288,"The usually crowded shopping and partying district in this city of 2.4 million is quieter these days after officials urged citizens to stay home to contain an explosive outbreak of the coronavirus. But many restaurants and bars remain open, waiting for customers who seldom come."
U.S. Soldier Tests Positive for Virus in South Korea,https://www.nytimes.com/2020/02/25/world/asia/coronavirus-news.html?searchResultPosition=289,"An American soldier in South Korea has tested positive for the new coronavirus, the U.S. military said on Wednesday."
‘Recipe for a Massive Viral Outbreak’: Iran Emerges as a Worldwide Threat,https://www.nytimes.com/2020/02/24/world/middleeast/coronavirus-iran.html?searchResultPosition=290,"Religious pilgrims, migrant workers, businessmen, soldiers and clerics all flow constantly across Iran’s frontiers, often crossing into countries with few border controls, weak and ineffective governments and fragile health systems."
"Spreading Across Continents, a Lethal Virus Tests a Fraying Global Order",https://www.nytimes.com/2020/02/24/world/europe/coronavirus-global-response.html?searchResultPosition=301,"In Iran, a spike in coronavirus infections has prompted fears of a contagion throughout the Middle East. In Italy, one of Europe’s largest economies, officials are struggling frantically to prevent the epidemic from paralyzing the commercial center of Milan. And in New York, London, and Tokyo, financial markets plummeted on fears that the virus will cripple the global economy."
"Coronavirus Stalls Milan, Italy’s Economic Engine",https://www.nytimes.com/2020/02/24/world/europe/24coronavirus-milan-italy.html?searchResultPosition=302,"The landmark Duomo Cathedral, its spires towering over Milan, is closed. So are La Scala, Italy’s premier opera house, and the city’s universities and schools. Bars are shuttered at the sacred aperitivo hour. The usually buzzing streets, trams, restaurants and shops are all eerily empty."
"As Fears of a Pandemic Mount, W.H.O. Says World Is Not Ready",https://www.nytimes.com/2020/02/24/world/asia/china-coronavirus-world-health-organization.html?searchResultPosition=303,"As new cases of the coronavirus spiked on two continents, the World Health Organization warned on Monday that the world was not ready for a major outbreak, even as it praised China’s aggressive efforts to wrest the epidemic under control."
Hong Kong Says It Will Begin Evacuating Residents From Wuhan,https://www.nytimes.com/2020/02/24/world/asia/hong-kong-wuhan-evacuate-coronavirus.html?searchResultPosition=304,"The Hong Kong government, which has faced growing demands to evacuate its residents from mainland China after one died of the coronavirus, said on Monday that it would begin bringing people back from Hubei Province, the center of the outbreak."
Businesses ‘Getting Killed’ on Russian Border as Coronavirus Fears Rise,https://www.nytimes.com/2020/02/24/world/europe/coronavirus-russia-china-commerce.html?searchResultPosition=305,"With a contagious illness raging in China, just 600 yards away across the frozen Amur River, the Cathedral of the Annunciation in the Russian border city of Blagoveshchensk thundered with promises of salvation from the plague."
"For China’s Overwhelmed Doctors, an Understanding Voice Across the Ocean",https://www.nytimes.com/2020/02/23/world/asia/china-coronavirus-hotline.html?searchResultPosition=307,"A nurse called the 24-hour hotline to complain about a constant headache. A doctor said he was feeling ostracized by the public, even as he worked to save patients from the epidemic. One caller said she was feeling suicidal."
Europe Confronts Coronavirus as Italy Battles an Eruption of Cases,https://www.nytimes.com/2020/02/23/world/europe/italy-coronavirus.html?searchResultPosition=308,"Europe confronted its first major outbreak of the coronavirus as an eruption of more than 150 cases in Italy prompted officials on Sunday to lock down at least 10 towns, close schools in major cities and cancel sporting events and cultural touchstones, including the end of the Venice carnival."
"As Coronavirus Cases Spiral, South Korea Raises Threat Alert Level",https://www.nytimes.com/2020/02/23/world/asia/south-korea-coronavirus-moon.html?searchResultPosition=309,"As South Korea struggles to contain a snowballing coronavirus outbreak, its president on Sunday raised the country’s alert level to the highest for the first time in a decade, which empowered the government to lock down cities, bar visitors from China and unilaterally restrict the movement of people."
Religious Groups in China Step Into the Coronavirus Crisis,https://www.nytimes.com/2020/02/23/world/asia/china-religion-coronavirus-donations.html?searchResultPosition=310,"Earlier this month, the hard-hit town of Caohe, near the center of the coronavirus outbreak in central China, received an unexpected gift: a large donation from a Taoist nunnery 550 miles away. Another Taoist temple, this one in Caohe itself, contributed tens of thousands of dollars worth of medical equipment to help those sickened by the virus."
‘We’re in a Petri Dish’: How a Coronavirus Ravaged a Cruise Ship,https://www.nytimes.com/2020/02/22/world/asia/coronavirus-japan-cruise-ship.html?searchResultPosition=323,The captain came over the intercom early in the evening: A passenger who had left the ship nine days earlier had tested positive for the new coronavirus sweeping through China.
What a Party in Japan May Tell Us About the Coronavirus’s Spread,https://www.nytimes.com/2020/02/20/world/asia/japan-coronavirus-clusters.html?searchResultPosition=328,"Rain was falling on the night of Jan. 18, so the windows of the Tokyo party boat were shut. Inside were about 90 guests of a local taxi association who were celebrating the new year as the vessel floated down the Sumida River. Also on board, unbeknown to them, was a coronavirus capable of spreading ferociously."
Hundreds Released From Diamond Princess Cruise Ship in Japan,https://www.nytimes.com/2020/02/19/world/asia/japan-cruise-ship-coronavirus.html?searchResultPosition=342,"Hundreds of passengers walked off a coronavirus-stricken cruise ship Wednesday after getting the all-clear from the Japanese authorities, but the scene that greeted them as their feet touched solid ground for the first time in weeks suggested that some found the assurances less than reassuring."
She Left Wuhan to Become a Journalist. She’s Back in Time to Get the Story.,https://www.nytimes.com/2020/02/19/world/asia/china-coronavirus-wuhan-journalist.html?searchResultPosition=343,It didn’t take long for an army of volunteers to emerge in Wuhan after the authorities put the city on lockdown to stop the spread of the coronavirus. Anna Liu just didn’t expect to be one of them.
Japan Reports 2 Deaths Among Cruise Ship Passengers,https://www.nytimes.com/2020/02/19/world/asia/china-coronavirus.html?searchResultPosition=344,"Two passengers from the cruise ship quarantined in Japan have died after contracting the new coronavirus, the first deaths among the more than 600 people on board who have been infected, a Japanese health ministry official said on Thursday."
"Coronavirus Epidemic Keeps Growing, but Spread in China Slows",https://www.nytimes.com/2020/02/18/world/asia/china-coronavirus-cases.html?searchResultPosition=346,"Chinese officials hailed recent figures as evidence that the spread of the coronavirus epidemic has slowed, and World Health Organization officials said on Tuesday that China’s strict limits on its people’s movements have helped."
"In Europe, Fear Spreads Faster Than the Coronavirus Itself",https://www.nytimes.com/2020/02/18/world/europe/coronavirus-stigma-europe.html?searchResultPosition=347,"A British man who tested positive for coronavirus was branded a “super spreader,” his every movement detailed by the local media."
New Cases in China Appear to Be Slowing,https://www.nytimes.com/2020/02/18/world/asia/china-coronavirus.html?searchResultPosition=349,"Passengers began disembarking on Wednesday from a cruise ship docked off Yokohama, Japan, as a two-week quarantine of the vessel was coming to an end even as a major coronavirus outbreak on board continued unabated."
Cambodia’s Coronavirus Complacency May Exact a Global Toll,https://www.nytimes.com/2020/02/17/world/asia/coronavirus-westerdam-cambodia-hun-sen.html?searchResultPosition=350,"When Cambodia’s prime minister greeted passengers on a cruise ship amid a coronavirus scare on Valentine’s Day, embraces were the order of the day. Protective masks were not."
"Battling Coronavirus, China Signals Delay of Its Top Party Gathering",https://www.nytimes.com/2020/02/17/world/asia/china-coronavirus-congress-postpone.html?searchResultPosition=361,"China signaled on Monday that it would postpone its most important political spectacle of the year, a sign of deepening anxiety within the ruling Communist Party about the threat posed by the coronavirus epidemic."
Coronavirus Empties European Cities of Chinese Tourists,https://www.nytimes.com/2020/02/17/world/europe/coronavirus-tourism-europe.html?searchResultPosition=362,"The line in front of the Louis Vuitton store was barely a line by Paris standards: only 10 people. All were Asian and many spoke in Chinese, with one couple dictating Mandarin into a smartphone and waiting for the answers in French."
"They Escaped an Infected Ship, but the Flight Home Was No Haven",https://www.nytimes.com/2020/02/17/world/asia/japan-cruise-ship-coronavirus.html?searchResultPosition=363,"The ground rules were clear. A day before 328 Americans were to be whisked away from a contaminated cruise ship in Japan, the U.S. Embassy in Tokyo told passengers that no one infected with the coronavirus would be allowed to board charter flights to the United States."
‘Now We Are Refugees’: A Family in Limbo Amid the Coronavirus Outbreak,https://www.nytimes.com/2020/02/17/world/asia/china-coronavirus-hubei-taiwan.html?searchResultPosition=365,"These days, Chloe Chang, a Taiwanese woman stranded at the center of China’s coronavirus outbreak, says she wakes up every half-hour during the night. Sometimes she breaks down in tears."
U.S. Passengers Evacuate Quarantined Cruise Ship in Japan,https://www.nytimes.com/2020/02/16/world/asia/coronavirus-japan-cruise-americans.html?searchResultPosition=367,"American passengers evacuated a cruise ship that had been quarantined for more than a week in the Japanese port city of Yokohama, after hundreds of people on board fell ill with the coronavirus."
Coronavirus Infection Found After Cruise Ship Passengers Disperse,https://www.nytimes.com/2020/02/16/world/asia/coronavirus-cruise-americans.html?searchResultPosition=368,"The cruise ship had been shunned at port after port for fear it might carry the coronavirus, but when the Westerdam arrived in Cambodia on Thursday, the prime minister greeted its passengers with flowers."
"China’s Leader, Under Fire, Says He Led Coronavirus Fight Early On",https://www.nytimes.com/2020/02/15/world/asia/xi-china-coronavirus.html?searchResultPosition=370,"Under fire for its response to the coronavirus epidemic, China’s authoritarian government appears to be pushing a new account of events that presents President Xi Jinping as taking early action to fight the outbreak that has convulsed the country."
France Confirms First Death in Europe From Coronavirus,https://www.nytimes.com/2020/02/15/world/europe/france-coronarivus-death.html?searchResultPosition=381,"A Chinese tourist has died in France of the coronavirus, the French health minister said on Saturday, becoming the outbreak’s first fatality in Europe and outside Asia."
Shifting Ground in Coronavirus Fight: U.S. Will Evacuate Americans From Cruise Ship,https://www.nytimes.com/2020/02/15/world/asia/japan-cruise-ship-coronavirus.html?searchResultPosition=382,"For much of this past week, as a dangerous viral outbreak continued to rattle the world, officials seemed keen to offer reassurances. Chinese leaders urged people to get back to work. American officials said they saw no need to evacuate citizens from a quarantined cruise ship in Japan."
Beijing Tightens Quarantine Rules in Coronavirus Battle,https://www.nytimes.com/2020/02/14/world/asia/beijing-quarantine-coronavirus-rules.html?searchResultPosition=384,"The authorities in China tightened their coronavirus quarantine rules for Beijing on Friday, saying that all residents returning from outside the capital city would be required to isolate themselves for 14 days."
"China’s Doctors, Fighting the Coronavirus, Beg for Masks",https://www.nytimes.com/2020/02/14/world/asia/china-coronavirus-doctors.html?searchResultPosition=385,"In the hospital where Yu Yajie works, nurses, doctors and other medical professionals fighting the new coronavirus have also been fighting dire shortages. They have used tape to patch up battered protective masks, repeatedly reused goggles meant for one-time use, and wrapped their shoes in plastic bags for lack of specialized coverings."
U.S. Supports Aid to North Korea for Fighting the Coronavirus,https://www.nytimes.com/2020/02/14/world/asia/coronavirus-north-korea-sanctions.html?searchResultPosition=386,"The United States said it would approve humanitarian assistance to North Korea to help international aid agencies fight the coronavirus there, amid fears that the impoverished country may be hiding an outbreak."
China Expands Chaotic Dragnet in Coronavirus Crackdown,https://www.nytimes.com/2020/02/13/world/asia/13china-coronavirus-cases.html?searchResultPosition=389,"China’s leaders expanded a mass roundup of people possibly sickened with the coronavirus on Thursday, widening their dragnet well beyond the epicenter of the outbreak to at least two more cities in what the government has called a “wartime” campaign to stamp out the epidemic."
Coronavirus ‘Hits All the Hot Buttons’ for How We Misjudge Risk,https://www.nytimes.com/2020/02/13/world/asia/coronavirus-risk-interpreter.html?searchResultPosition=390,"Shortly after the University of Washington announced that the school’s fourth suspected case of the new coronavirus had turned out negative, two professors, one of public policy and the other of public health, held a small dinner for students and faculty members."
A Timeline of the Coronavirus Pandemic,https://www.nytimes.com/article/coronavirus-timeline.html?searchResultPosition=401,"The coronavirus, which surfaced in a Chinese seafood and poultry market in December 2019, has spread to nearly every country, upending life and derailing the global economy. The virus has killed more than 1.6 million and sickened more than 76 million over the last year. The World Health Organization has declared the situation a global pandemic."
How the Coronavirus Numbers Changed So Sharply,https://www.nytimes.com/2020/02/13/world/asia/coronavirus-numbers-explain.html?searchResultPosition=402,"The number of cases and deaths in the coronavirus epidemic in China jumped sharply on Thursday as the authorities there changed how they keep track of the disease, and not, primarily, because of any change in the shape of the outbreak."
"As Passenger Angst Grows, Japan to Let Some Off Ship, but Fewer Than Hoped",https://www.nytimes.com/2020/02/13/world/asia/japan-coronavirus-quarantined-ship.html?searchResultPosition=403,"For a moment on Thursday, John and Carol Montgomery thought they might be departing early from the cruise ship quarantined in Yokohama, Japan, where new cases of the coronavirus have been confirmed almost daily."
China Ousts 2 Party Officials Amid Outrage About Coronavirus Response,https://www.nytimes.com/2020/02/13/world/asia/china-coronavirus-xi-jinping.html?searchResultPosition=404,"China’s leader, Xi Jinping, summarily ousted two top Communist Party officials from the province at the center of the coronavirus epidemic on Thursday, exacting political punishment for the regional government’s handling of a crisis that seemed far from under control."
An American in a Locked Down Chinese Town: ‘Everyone Here Is So Bored’,https://www.nytimes.com/2020/02/13/world/asia/china-coronavirus-american.html?searchResultPosition=405,"Weeks before the coronavirus became a national health crisis in China, authorities threatened a doctor, Li Wenliang, who warned about early cases. State media reported that Dr. Li was illegally spreading rumors."
China Is Tracking Travelers From Hubei,https://www.nytimes.com/2020/02/13/world/asia/china-coronavirus.html?searchResultPosition=406,"To combat the spread of the coronavirus, Chinese officials are using a combination of technology and policing to track movements of citizens who may have visited Hubei Province."
How Many Coronavirus Cases in China? Officials Tweak the Answer,https://www.nytimes.com/2020/02/12/world/asia/china-coronavirus-cases.html?searchResultPosition=407,"The news was abrupt and, to some, surprising: Overnight, a Chinese province near Russia, had cut its count of confirmed coronavirus cases by more than a dozen."
"For a Chinese Traveler, Even Paradise Comes With Prejudice",https://www.nytimes.com/2020/02/12/world/asia/china-coronavirus-korea-discrimination.html?searchResultPosition=408,"Jeju Island, with white sand beaches and a volcanic landscape, is a slice of paradise off the coast of South Korea, but Iris Yao has not found it particularly relaxing."
Coronavirus Forces Foreign Students in China to Choose: Stay or Go,https://www.nytimes.com/2020/02/12/world/asia/china-coronavirus-students.html?searchResultPosition=409,Word came from home via hurried emails and instant messages to campuses across the country: Leave China now.
Quarantined Cruise Passengers Have Many Questions. Japan Has Few Answers.,https://www.nytimes.com/2020/02/11/world/asia/japan-coronavirus-diamond-princess.html?searchResultPosition=421,"The 3,600 people aboard the Diamond Princess, locked down for more than a week and desperate for information, have been reduced to peering out windows as hazmat-suited workers take away the newest coronavirus patients and mysterious buses, their interiors shrouded by curtains, come and go from the port."
Chinese Students Abroad: How Are You Affected by the Coronavirus Outbreak?,https://www.nytimes.com/2020/02/11/world/asia/corona-virus-student-stories.html?searchResultPosition=423,"The coronavirus outbreak has radiated from its epicenter in Wuhan to nearly 30 countries and regions, killing more than 800 people and infecting more than 30,000. It has paralyzed cities and villages throughout China and upended business, travel and schools around the globe. Fears about the outbreak have also fueled xenophobia and in some cases, outright anti-Chinese sentiment."
U.K. Businessman Linked to Coronavirus Cluster Comes Forward,https://www.nytimes.com/2020/02/11/world/europe/coronavirus-britain-steve-walsh.html?searchResultPosition=424,"A British businessman believed to be the source of a cluster of coronavirus cases in Britain and France came forward on Tuesday, saying that he had fully recovered but would remain in isolation as a precaution."
Indonesia Has No Reported Coronavirus Cases. Is That the Whole Picture?,https://www.nytimes.com/2020/02/11/world/asia/coronavirus-indonesia-bali.html?searchResultPosition=426,The family from Shanghai was vacationing in Singapore last month when they learned that the new coronavirus had arrived there from China.
‘Let’s Not Shake Hands’: Xi Jinping Tours Beijing Amid Coronavirus Crisis,https://www.nytimes.com/2020/02/10/world/asia/xi-jinping-coronavirus.html?searchResultPosition=429,"When he stepped inside the municipal office five miles north of the Forbidden City, China’s most powerful leader in decades pulled up the sleeve of his black overcoat and held out his wrist. A woman in a mask and surgical gloves then checked to see if he had a fever."
U.K. Declares Coronavirus ‘Imminent Threat’ as Europe Scrambles,https://www.nytimes.com/2020/02/10/world/europe/coronavirus-europe.html?searchResultPosition=430,"Britain’s health department declared the new coronavirus an “imminent threat” to public health and announced a series of measures to combat the spread of the virus, a sign of the seriousness with which local health authorities are treating the fears of the epidemic."
"Coronavirus Epidemic Reaches Bleak Milestone, Exceeding SARS Toll",https://www.nytimes.com/2020/02/09/world/asia/china-coronavirus-sars.html?searchResultPosition=443,"The coronavirus epidemic in China surpassed a grim milestone on Sunday with a death toll that exceeds that of the SARS outbreak 17 years ago, a development that coincided with news that World Health Organization experts might soon be in the country to help stanch the crisis."
Her Grandmother Got the Coronavirus. Then So Did the Whole Family.,https://www.nytimes.com/2020/02/09/world/asia/coronavirus-family-china.html?searchResultPosition=444,"Bella Zhang hung an intravenous drip on a spindly tree branch and slumped down on a large stone planter outside the crowded hospital. Her mother and brother sat wearily beside her, their shoulders sagging, both also hooked up to their own drips."
"As Virus Cases Rise on Quarantined Cruise Ship, Passengers Are on Edge",https://www.nytimes.com/2020/02/09/world/asia/japan-ship-coronavirus.html?searchResultPosition=445,"As the Diamond Princess cruise ship steamed back into port in Yokohama, Japan, on Sunday morning after a night of quarantine at sea, passengers lucky enough to have windows and balconies could see fire trucks and 15 ambulances waiting for the ship."
Deaths in China Surpass Toll From SARS,https://www.nytimes.com/2020/02/09/world/asia/coronavirus-china.html?searchResultPosition=446,"The coronavirus death toll in China has risen to 908, surpassing the toll from the SARS epidemic of 2002-3, according to official data."
Where’s Xi? China’s Leader Commands Coronavirus Fight From Safe Heights,https://www.nytimes.com/2020/02/08/world/asia/xi-coronavirus-china.html?searchResultPosition=447,"President Xi Jinping strode onstage before an adoring audience in the Great Hall of the People in Beijing less than three weeks ago, trumpeting his successes in steering China through a tumultuous year and promising “landmark” progress in 2020."
"First American Dies of Coronavirus, Raising Questions About U.S. Response",https://www.nytimes.com/2020/02/08/world/asia/china-coronavirus-american-dead.html?searchResultPosition=449,"A United States citizen died from the coronavirus in Wuhan, China, American officials said on Saturday. It was the first known American death from the illness, and was likely to add to diplomatic friction over Beijing’s response to the epidemic."
A New Martyr Puts a Face on China’s Deepening Coronavirus Crisis,https://www.nytimes.com/2020/02/07/world/asia/china-coronavirus-doctor-death.html?searchResultPosition=461,"More than 700 people have died. Tens of thousands are infected. Millions are living under lockdown, and the government has sought to silence complaints."
Jump in Coronavirus Cases on Ship Poses a Critical Test for Japan,https://www.nytimes.com/2020/02/07/world/asia/coronavirus-japan-cruise-ship.html?searchResultPosition=463,Japan already had several confirmed coronavirus cases when a giant cruise ship arrived at the port of Yokohama last week.
Minimizing Risk in a Global Panic,https://www.nytimes.com/2020/02/06/world/australia/coronavirus-hong-kong-privilege.html?searchResultPosition=465,"As someone who has been living between Hong Kong and Sydney for the past few months, I have been engaged in a relentless, entirely circular conversation with family, friends and colleagues about the coronavirus that sprang into the global consciousness a couple of weeks ago and since then has claimed at least 563 lives, while sickening more than 28,000 others."
"Africa, Intertwined With China, Fears Coronavirus Outbreak",https://www.nytimes.com/2020/02/06/world/africa/africa-coronavirus-china.html?searchResultPosition=466,"As the 9 a.m. flight from Dubai arrived at the international airport in Ethiopia’s capital on Wednesday, four government health specialists in face masks and protective glasses worked their way to the line of incoming passengers to check their passports."
China Tightens Wuhan Lockdown in ‘Wartime’ Battle With Coronavirus,https://www.nytimes.com/2020/02/06/world/asia/coronavirus-china-wuhan-quarantine.html?searchResultPosition=468,"The Chinese authorities resorted to increasingly extreme measures in Wuhan on Thursday to try to halt the spread of the deadly coronavirus, ordering house-to-house searches, rounding up the sick and warehousing them in enormous quarantine centers."
What It’s Like to Be Quarantined on an Island Over Coronavirus Fears,https://www.nytimes.com/2020/02/06/world/asia/coronavirus-quarantine-australia.html?searchResultPosition=469,Life in an immigration detention center on Australia’s Christmas Island has not been as bad as David Huang feared. It is certainly a far cry from the conditions that thousands of asylum seekers have faced in the country’s offshore detention centers in recent years.
‘I Keep Hearing Painful Coughs’: Life on Quarantined Cruise Ship,https://www.nytimes.com/2020/02/06/world/asia/coronavirus-cruise-ship.html?searchResultPosition=470,"Things were looking up on Thursday for the more than 2,000 passengers quarantined on a cruise ship in Yokohama, Japan: Meals were coming on a more regular schedule. The internet was upgraded to a wider bandwidth. And there was even official approval to breathe some fresh air."
Losing Track of Time in the Epicenter of China’s Coronavirus Outbreak,https://www.nytimes.com/2020/02/05/world/asia/china-wuhan-coronavirus.html?searchResultPosition=483,"In the mornings, Wuhan is so quiet that bird calls sound down once busy streets. Stray dogs trot in the middle of empty expressways. Residents wrapped in masks creep out of their homes, anxiety flitting across their eyes."
Trapped on a Cruise Ship by the Coronavirus: When Is Breakfast?,https://www.nytimes.com/2020/02/05/world/asia/japan-coronavirus-cruise-ship.html?searchResultPosition=484,"Hidden away in her cabin, Masako Ishida reckons she doesn’t face much risk from the coronavirus that has stalked her cruise ship, forcing an onboard quarantine of 3,700 passengers and crew members in the port city of Yokohama."
"In Coronavirus, China Weighs Benefits of Buffalo Horn and Other Remedies",https://www.nytimes.com/2020/02/05/world/asia/coronavirus-traditional-chinese-medicine.html?searchResultPosition=485,"As it races to treat patients infected with the new coronavirus, the Chinese government is seeing potential in a cocktail of antiviral drugs. It is also recommending the Peaceful Palace Bovine Pill, a traditional Chinese medicine made with the gallstone of cattle, buffalo horn, jasmine and pearl."
Giving the Gift of Mobility in a City Locked Down by Coronavirus,https://www.nytimes.com/2020/02/04/world/china-coronavirus-wuhan.html?searchResultPosition=487,"His days are long, 12 hours crisscrossing the city and ferrying local residents to buy groceries, get medicine and go to the hospital. And the roads he travels are mostly empty since the city was sealed off, public transportation was shut down, and private vehicles were mostly banned in an effort to contain the coronavirus."
Hong Kong Reports Its First Coronavirus Death as Outbreak Widens,https://www.nytimes.com/2020/02/04/world/asia/coronavirus-hong-kong-death.html?searchResultPosition=488,"A patient diagnosed with the new coronavirus became Hong Kong’s first fatality from the affliction Tuesday as Thailand reported six more cases, Japan quarantined a cruise ship because of a passenger’s infection and Macau shut its casinos, underscoring the contagion’s spread beyond mainland China."
Beijing Sees ‘Major Test’ as Doors to China Close and Coronavirus Deaths Surpass SARS,https://www.nytimes.com/2020/02/03/world/asia/coronavirus-deaths-sars.html?searchResultPosition=490,"China’s Communist Party leadership called the month-old coronavirus epidemic a “major test” on Monday as other nations escalated efforts to isolate China, unnerving China’s stock market, depressing global oil prices and raising new anxiety about the world’s most populous country."
"Beijing in the Time of Coronavirus: No Traffic, Empty Parks and Fear",https://www.nytimes.com/2020/02/03/world/asia/china-coronavirus-beijing.html?searchResultPosition=501,"The Apple stores were among the busiest places still open in Beijing after the coronavirus outbreak, though employees forbade customers to try the watches or AirPods."
China Pledged to Build a New Hospital in 10 Days. It’s Close.,https://www.nytimes.com/2020/02/03/world/asia/coronavirus-wuhan-hospital.html?searchResultPosition=502,People desperate for treatment started descending on a new hospital that was mostly built in just 10 days to help cope with the outbreak of the new coronavirus in the central city of Wuhan on Monday.
Hong Kong Tightens Border as Medical Workers Call for Shutdown,https://www.nytimes.com/2020/02/03/world/asia/hong-kong-coronavirus-china-border.html?searchResultPosition=503,"Hong Kong’s government said Monday that it would close more border checkpoints, as some medical workers went on strike to demand a complete ban on entries from mainland China to limit the outbreak of the new coronavirus."
Philippines Reports First Coronavirus Death Outside China,https://www.nytimes.com/2020/02/02/world/asia/philippines-coronavirus-china.html?searchResultPosition=505,"A 44-year-old man in the Philippines has died of the coronavirus, the first known fatality outside China, health officials said on Sunday, as the number of deaths jumped to more than 360 and other countries expanded travel restrictions in an effort to slow the spread of the outbreak."
"Coronavirus Pummels Wuhan, a City Short of Supplies and Overwhelmed",https://www.nytimes.com/2020/02/02/world/asia/china-coronavirus-wuhan.html?searchResultPosition=506,"Weak with fever, An Jianhua waited in line for seven hours outside the hospital in the cold, hoping to get tested for the new coronavirus, which doctors suspected she had contracted."
Quieter Response to Coronavirus in Countries Where China Holds Sway,https://www.nytimes.com/2020/02/02/world/asia/china-coronavirus-philippines-thailand.html?searchResultPosition=507,"In Myanmar, loudspeakers broadcast advice from Buddhist monks: Seven ground peppercorns, exactly seven, placed on the tongue will ward off the coronavirus spreading across Asia and the world."
China Increasingly Walled Off as Countries Seek to Stem Coronavirus,https://www.nytimes.com/2020/02/01/world/asia/china-coronavirus-us-australia.html?searchResultPosition=509,New walls are rising between China and the world as the country grapples with a fast-moving coronavirus and its mounting death toll.
"As New Coronavirus Spread, China’s Old Habits Delayed Fight",https://www.nytimes.com/2020/02/01/world/asia/china-coronavirus.html?searchResultPosition=510,"A mysterious illness had stricken seven patients at a hospital, and a doctor tried to warn his medical school classmates. “Quarantined in the emergency department,” the doctor, Li Wenliang, wrote in an online chat group on Dec. 30, referring to patients."
SARS Was Deadly in Canada. Is the Country Ready for Coronavirus?,https://www.nytimes.com/2020/01/31/world/canada/sars-toronto-coronavirus.html?searchResultPosition=521,"Canada Letter is a weekly newsletter from our Canada bureau, written by Canadian correspondent Ian Austen. Sign up to get it by email."
An Outbreak of Racist Sentiment as Coronavirus Reaches Australia,https://www.nytimes.com/2020/01/31/world/australia/coronavirus-racism-chinese.html?searchResultPosition=522,"Recently, when Andy Miao takes the train to work in Sydney, he has noticed other people’s disapproving looks if he does not wear a face mask. Although he does not have the coronavirus, Mr. Miao, who is of Chinese heritage and grew up in Australia, knows it’s because of one reason: his ethnicity."
State Department Warns Against Traveling to China Amid Coronavirus Outbreak,https://www.nytimes.com/2020/01/30/world/asia/Coronavirus-travel-advisory-.html?searchResultPosition=524,"The State Department on Thursday night issued an advisory telling Americans not to travel to China because of the public health threat posed by the coronavirus, as world health officials grappled with the expanding footprint of the outbreak."
Coronavirus Anger Boils Over in China and Doctors Plead for Supplies,https://www.nytimes.com/2020/01/30/world/asia/china-coronavirus-epidemic.html?searchResultPosition=525,"One week into a lockdown, anger and anxiety deepened in China on Thursday as the central province at the center of the coronavirus outbreak endured shortages of hospital beds, medical supplies and doctors."
"As Coronavirus Spreads, So Does Anti-Chinese Sentiment",https://www.nytimes.com/2020/01/30/world/asia/coronavirus-chinese-racism.html?searchResultPosition=526,"In Japan, the hashtag #ChineseDon’tComeToJapan has been trending on Twitter. In Singapore, tens of thousands of residents have signed a petition calling for the government to ban Chinese nationals from entering the country."
Cruise Passengers Are Held at Italian Port in False Alarm Over Coronavirus,https://www.nytimes.com/2020/01/30/world/europe/italy-coronavirus-cruise.html?searchResultPosition=527,Thousands of passengers stuck on a towering cruise ship. Doctors racing to the scene. Confusion and fear spreading.
Foreigners Airlifted From Chinese City at Heart of Coronavirus Outbreak,https://www.nytimes.com/2020/01/29/world/asia/wuhan-china-coronavirus-evacuations.html?searchResultPosition=529,"About 200 Americans evacuated from Wuhan, China, landed at a military base in Southern California on Wednesday, as countries around the world began pulling their citizens from the epicenter of the coronavirus outbreak."
"More Than 7,700 Cases of Coronavirus Recorded Worldwide",https://www.nytimes.com/2020/01/29/world/asia/coronavirus-china.html?searchResultPosition=530,"Mainland China now has more cases of coronavirus than it had of SARS, a respiratory infection that spread across China in 2002 and 2003 and killed 774 people in 17 countries. During the SARS outbreak, China had 5,327 cases and 349 deaths, according to the World Health Organization."
Containing the Coronavirus: Countries Limit Travel to China,https://www.nytimes.com/2020/01/28/world/asia/china-travel-coronoavirus.html?searchResultPosition=541,"Countries, cities and businesses across the globe issued new travel warnings on Tuesday, vastly expanding a cordon intended to control the flow of people to and from China, where the authorities are struggling to contain the outbreak of the new coronavirus."
A Divided Hong Kong Confronts the Arrival of the Coronavirus,https://www.nytimes.com/2020/01/28/world/asia/coronavirus-hong-kong-border.html?searchResultPosition=542,"The two Hong Kong protesters were dressed head to toe in black, their faces covered in masks. They smashed their Molotov cocktails into the lobby of a public housing estate, and flames and smoke began spewing out."
Chinese Officials Race to Contain Anger Over Virus,https://www.nytimes.com/2020/01/27/world/asia/china-coronavirus-social-media.html?searchResultPosition=544,The Chinese government scrambled to contain not only the coronavirus epidemic but also growing expressions of public fury over the management of the crisis as the death toll rose on Tuesday to at least 106.
Alarm Grows as Markets Tumble and Death Toll Rises,https://www.nytimes.com/2020/01/27/world/asia/china-coronavirus.html?searchResultPosition=546,This briefing has ended. Read the latest developments in our live coronavirus outbreak coverage here.
"As Coronavirus Fears Intensify, Effectiveness of Quarantines Is Questioned",https://www.nytimes.com/2020/01/26/world/asia/coronavirus-wuhan-china-hubei.html?searchResultPosition=547,"A top Chinese health official warned on Sunday that the spread of the dangerous new coronavirus, already extraordinarily rapid, is accelerating further, deepening global fears about an illness that has sickened more than 2,700 people worldwide and killed at least 80 people in China."
"In Coronavirus, a ‘Battle’ That Could Humble China’s Strongman",https://www.nytimes.com/2020/01/26/world/asia/china-coronavirus-xi-jinping.html?searchResultPosition=548,It took thousands of infections and scores of deaths from a mysterious virus for China’s authoritarian leader to publicly say what had become glaringly obvious to many in recent weeks: The country is facing a grave public health crisis.
"California Confirms Coronavirus Patient, Marking Third U.S. Case",https://www.nytimes.com/2020/01/26/world/asia/26california-coronavirus.html?searchResultPosition=549,"The United States has confirmed a third case of the novel coronavirus, after a traveler from China tested positive for the disease in Orange County, Calif."
Effects of Coronavirus Begin Echoing Far From Wuhan Epicenter,https://www.nytimes.com/2020/01/25/world/asia/china-wuhan-coronavirus.html?searchResultPosition=561,"The repercussions from a mysterious virus that has sickened hundreds of people began reverberating far from its epicenter in central China on Saturday, as Hong Kong closed its schools for several weeks, Beijing began restricting buses in and out of the capital, and the country’s travel association suspended Chinese tour groups heading overseas."
"Coronavirus Exposes Core Flaws, and Few Strengths, in China’s Governance",https://www.nytimes.com/2020/01/25/world/asia/coronavirus-crisis-china-response.html?searchResultPosition=562,It was the initial news reports that first suggested China’s political system might be getting in the way of its ability to confront the coronavirus outbreak.
Fear of Virus Ruins the ‘Happiest Day’ for Millions of Chinese,https://www.nytimes.com/2020/01/24/world/asia/wuhan-virus.html?searchResultPosition=565,"The Lunar New Year festivities were just hours away, but instead of helping to prepare a joyous family banquet, Chen Yanming stood anxiously outside a hospital where her father was being tested for a dangerous new virus."
Coronavirus Outbreak Sours Japan on Chinese Tourist Boom,https://www.nytimes.com/2020/01/24/world/asia/coronavirus-japan-china-tourism.html?searchResultPosition=566,"Just as Japan and China have been taking tentative steps toward moving past old animosities, a fast-spreading virus threatens to push them apart."
Panic and Criticism Spread on Chinese Social Media Over Coronavirus,https://www.nytimes.com/2020/01/24/world/asia/china-social-media-coronavirus.html?searchResultPosition=567,"While China’s state-run media has urged calm and praised the official response to the coronavirus outbreak, a different story is playing out across the country’s tightly controlled social media networks."
"China Expands Virus Lockdown, Encircling 35 Million",https://www.nytimes.com/2020/01/23/world/asia/china-coronavirus-outbreak.html?searchResultPosition=569,"The authorities drastically expanded a travel lockdown in central China on Thursday, essentially penning in more than 35 million residents to contain a deadly virus that is overwhelming hospitals and fueling fears of a pandemic."
How China’s Virus Outbreak Could Threaten the Global Economy,https://www.nytimes.com/2020/01/23/world/asia/wuhan-coronavirus-china-economy.html?searchResultPosition=570,"The outbreak of a deadly disease in China has cast a pall over growth prospects for the world’s second largest economy, raising fears about the global outlook if the mysterious coronavirus spreads or worsens."
"China’s Battle With a Deadly Coronavirus, in Photos",https://www.nytimes.com/2020/01/25/world/asia/china-coronavirus-photos.html?searchResultPosition=581,"The spread of a mysterious respiratory virus has prompted the authorities to limit travel in cities in China, including Wuhan, where the disease was first found last month. It has since spread across the nation and to at least 10 other countries."
"Coronavirus Deaths Are So Far Mostly Older Men, Many With Previous Health Issues",https://www.nytimes.com/2020/01/23/world/asia/coronavirus-victims-wuhan.html?searchResultPosition=582,"When the man finally went to a hospital, he had been sick for a week. It was Dec. 26, and Mr. Zeng, 61, was weak with a cough. He got worse. A day later he was transferred to intensive care, and on Dec. 30 he was put on a ventilator to try to keep him alive."
China Confirms New Coronavirus Spreads From Humans to Humans,https://www.nytimes.com/2020/01/20/world/asia/coronavirus-china-symptoms.html?searchResultPosition=588,"The mysterious coronavirus that has killed at least four people and sickened more than 200 in China is capable of spreading from person to person, a prominent Chinese scientist said on Monday, adding to fears of a broader epidemic."
Deadly Mystery Virus Reported in 2 New Chinese Cities and South Korea,https://www.nytimes.com/2020/01/18/world/asia/china-virus-wuhan-coronavirus.html?searchResultPosition=589,"The authorities in China reported a third death from a mysterious virus and more than 130 new cases over the weekend, including ones found in Beijing and southern China for the first time. One new case was also reported in South Korea on Monday."
Japan and Thailand Confirm New Cases of Chinese Coronavirus,https://www.nytimes.com/2020/01/15/world/asia/coronavirus-japan-china.html?searchResultPosition=590,"Thailand and Japan each reported new cases of a coronavirus that has left two people dead and at least 40 sick in China, adding to concerns about the spread of the virus beyond Chinese borders ahead of a major holiday."
China Reports First Death From New Virus,https://www.nytimes.com/2020/01/10/world/asia/china-virus-wuhan-death.html?searchResultPosition=601,Chinese state media on Saturday reported the first known death from a new virus that has infected dozens of people in China and set off worries across Asia.
